7752,7752,EX25-00124,O,7752,20260216,20260513,20260513,0920H-70E-J500,HNCHGS0009WW990,960,PC,,,1000,HNCHGS0009WW990,S,E,N,,,,,,,,0,,,,,,,,,,,,,,20260513,,2,20260513,,960,20260513
7158,7158,4705034823,O,71587158,20250319,20250414,20250413,ADC10008G1062,MDSNSSB325MZ,10,,JPY,,1000,,S,E,N,,,7158,,,,,0,,,,,,,,,,,,,,20250414,,2,20250413,,10,20250414
7158,7158,4705034819,O,71587158,20250319,20250414,20250413,ADC10008B01F7,MDSNSS0247MZ,10,,JPY,,1000,,S,E,N,,,7158,,,,,0,,,,,,,,,,,,,,20250414,,2,20250413,,10,20250414
7158,7158,4705034820,O,71587158,20250319,20250414,20250413,ADC10008B0212,MDSNSS0308MZ,10,,JPY,,1000,,S,E,N,,,7158,,,,,0,,,,,,,,,,,,,,20250414,,2,20250413,,10,20250414
7158,7158,4705034828,O,71587158,20250319,20250414,20250413,ADC10008B01F2,MDSNSS0254MZ,20,,JPY,,1000,,S,E,N,,,7158,,,,,0,,,,,,,,,,,,,,20250414,,2,20250413,,20,20250414
7158,7158,4705034821,O,71587158,20250319,20250414,20250413,ADC10008B0062,MDSNSS0228MZ,30,,JPY,,1000,,S,E,N,,,7158,,,,,0,,,,,,,,,,,,,,20250414,,2,20250413,,30,20250414
7158,7158,4705034818,O,71587158,20250319,20250414,20250413,ADC10003B0209,MDSNSS0221MZ,10,,JPY,,1000,,S,E,N,,,7158,,,,,0,,,,,,,,,,,,,,20250414,,2,20250413,,10,20250414
7158,7158,4705034817,O,71587158,20250319,20250414,20250413,ADC10003B0042,MDSNSS0215MZ,30,,JPY,,1000,,S,E,N,,,7158,,,,,0,,,,,,,,,,,,,,20250414,,2,20250413,,30,20250414
7158,7158,4705034816,O,71587158,20250319,20250414,20250413,ADC10001B010B,MDSNSS0161MZ,30,,JPY,,1000,,S,E,N,,,7158,,,,,0,,,,,,,,,,,,,,20250414,,2,20250413,,30,20250414
7158,7158,4705034829,O,71587158,20250319,20250414,20250413,ADC10008B0202,MDSNSS0232MZ,20,,JPY,,1000,,S,E,N,,,7158,,,,,0,,,,,,,,,,,,,,20250414,,2,20250413,,20,20250414
7752,7752,0511,O,7752,20260316,20260511,20260510,34330-V61_-J212-M1,HNTZZS0003W,1,PC,,,1000,HNTZZS0003W,S,E,N,,,,,,,,0,,,,,,,,,,,,,,20260511,,2,20260510,,1,20260511
7752,7752,0511,O,7752,20260309,20260511,20260510,34330-V61_-J012-M1,HNTZZS0001W,1,PC,,,1000,HNTZZS0001W,S,E,N,,,,,,,,0,,,,,,,,,,,,,,20260511,,2,20260510,,1,20260511
7752,7752,0511,O,7752,20260309,20260511,20260510,34330-V61_-J112-M1,HNTZZS0002W,2,PC,,,1000,HNTZZS0002W,S,E,N,,,,,,,,0,,,,,,,,,,,,,,20260511,,2,20260510,,2,20260511
