7752,7752,,F,7752,20250115,20260516,20260515,34330-V61_-J012-M1,HNTZZS0001W,66,PC,,,1000,HNTZZS0001W,S,O,N,,,,,,,,0,,,,,,,,,,,,,,20260516,,2,20260515,,66,20260516
7158,7158,,F,71587158,20250319,20250519,20250518,ADC10001B010B,MDSNSS0161MZ,30,,JPY,,1000,,S,O,N,,,7158,,,,,0,,,,,,,,,,,,,,20250519,,2,20250518,,30,20250519
7158,7158,,F,71587158,20250319,20250602,20250601,ADC10001B010B,MDSNSS0161MZ,30,,JPY,,1000,,S,O,N,,,7158,,,,,0,,,,,,,,,,,,,,20250602,,2,20250601,,30,20250602
7158,7158,,F,71587158,20250319,20250609,20250608,ADC10001B010B,MDSNSS0161MZ,30,,JPY,,1000,,S,O,N,,,7158,,,,,0,,,,,,,,,,,,,,20250609,,2,20250608,,30,20250609
7158,7158,,F,71587158,20250319,20250616,20250615,ADC10001B010B,MDSNSS0161MZ,30,,JPY,,1000,,S,O,N,,,7158,,,,,0,,,,,,,,,,,,,,20250616,,2,20250615,,30,20250616
7158,7158,,F,71587158,20250319,20250701,20250630,ADC10001B010B,MDSNSS0161MZ,30,,JPY,,1000,,S,O,N,,,7158,,,,,0,,,,,,,,,,,,,,20250701,,2,20250630,,30,20250701
7158,7158,,F,71587158,20250319,20250707,20250706,ADC10001B010B,MDSNSS0161MZ,30,,JPY,,1000,,S,O,N,,,7158,,,,,0,,,,,,,,,,,,,,20250707,,2,20250706,,30,20250707
7158,7158,,F,71587158,20250319,20250722,20250721,ADC10001B010B,MDSNSS0161MZ,30,,JPY,,1000,,S,O,N,,,7158,,,,,0,,,,,,,,,,,,,,20250722,,2,20250721,,30,20250722
7158,7158,,F,71587158,20250319,20250728,20250727,ADC10001B010B,MDSNSS0161MZ,30,,JPY,,1000,,S,O,N,,,7158,,,,,0,,,,,,,,,,,,,,20250728,,2,20250727,,30,20250728
7752,7752,,F,7752,20260316,20260511,20260510,34330-V61_-J212-M1,HNTZZS0003W,1,PC,,,1000,HNTZZS0003W,S,O,N,,,,,,,,0,,,,,,,,,,,,,,20260511,,2,20260510,,1,20260511
7752,7752,,F,7752,20260309,20260511,20260510,34330-V61_-J112-M1,HNTZZS0002W,2,PC,,,1000,HNTZZS0002W,S,O,N,,,,,,,,0,,,,,,,,,,,,,,20260511,,2,20260510,,2,20260511
7752,7752,,F,7752,20260309,20260511,20260510,34330-V61_-J012-M1,HNTZZS0001W,1,PC,,,1000,HNTZZS0001W,S,O,N,,,,,,,,0,,,,,,,,,,,,,,20260511,,2,20260510,,1,20260511
7752,7752,,F,7752,20260216,20260513,20260513,0920H-70E-J500,HNCHGS0009WW990,960,PC,,,1000,HNCHGS0009WW990,S,O,N,,,,,,,,0,,,,,,,,,,,,,,20260513,,2,20260513,,960,20260513
7752,7752,,F,7752,20250415,20260520,20260519,34330-V61_-J112-M1,HNTZZS0002W,192,PC,,,1000,HNTZZS0002W,S,O,N,,,,,,,,0,,,,,,,,,,,,,,20260520,,2,20260519,,192,20260520
7752,7752,,F,7752,20250421,20260520,20260519,34330-V61_-J112-M1,HNTZZS0002W,200,PC,,,1000,HNTZZS0002W,S,O,N,,,,,,,,0,,,,,,,,,,,,,,20260520,,2,20260519,,200,20260520
7752,7752,,F,7752,20240118,20260520,20260519,34330-V61_-J012-M1,HNTZZS0001W,286,PC,,,1000,HNTZZS0001W,S,O,N,,,,,,,,0,,,,,,,,,,,,,,20260520,,2,20260519,,286,20260520
7752,7752,,F,7752,20250620,20260525,20260525,34330-V61_-J312-M1,HNTZZS0004W,256,PC,,,1000,HNTZZS0004W,S,O,N,,,,,,,,0,,,,,,,,,,,,,,20260525,,2,20260525,,256,20260525
7752,7752,,F,7752,20260316,20260601,20260601,0920H-70E-J500,HNCHGS0009WW990,3840,PC,,,1000,HNCHGS0009WW990,S,O,N,,,,,,,,0,,,,,,,,,,,,,,20260601,,2,20260601,,3840,20260601
7752,7752,,F,7752,20250415,20260601,20260601,34330-V61_-J312-M1,HNTZZS0004W,256,PC,,,1000,HNTZZS0004W,S,O,N,,,,,,,,0,,,,,,,,,,,,,,20260601,,2,20260601,,256,20260601
7752,7752,,F,7752,20250225,20260610,20260609,34330-V61_-J212-M1,HNTZZS0003W,64,PC,,,1000,HNTZZS0003W,S,O,N,,,,,,,,0,,,,,,,,,,,,,,20260610,,2,20260609,,64,20260610
7752,7752,,F,7752,20231024,20260610,20260610,5A600-K0H-J02* (H),HNCHGS0005AZ,96,PC,,,1000,HNCHGS0005WZ,S,O,N,,,,,,,,0,,,,,,,,,,,,,,20260610,,2,20260610,,96,20260610
7752,7752,,F,7752,20251215,20260615,20260614,34330-V61_-J012-M1,HNTZZS0001W,128,PC,,,1000,HNTZZS0001W,S,O,N,,,,,,,,0,,,,,,,,,,,,,,20260615,,2,20260614,,128,20260615
7752,7752,,F,7752,20250415,20260620,20260619,34330-V61_-J112-M1,HNTZZS0002W,512,PC,,,1000,HNTZZS0002W,S,O,N,,,,,,,,0,,,,,,,,,,,,,,20260620,,2,20260619,,512,20260620
7752,7752,,F,7752,20240118,20260620,20260619,34330-V61_-J012-M1,HNTZZS0001W,256,PC,,,1000,HNTZZS0001W,S,O,N,,,,,,,,0,,,,,,,,,,,,,,20260620,,2,20260619,,256,20260620
7752,7752,,F,7752,20250421,20260625,20260624,34330-V61_-J212-M1,HNTZZS0003W,256,PC,,,1000,HNTZZS0003W,S,O,N,,,,,,,,0,,,,,,,,,,,,,,20260625,,2,20260624,,256,20260625
7752,7752,,F,7752,20240118,20260625,20260625,34330-V61_-J312-M1,HNTZZS0004W,256,PC,,,1000,HNTZZS0004W,S,O,N,,,,,,,,0,,,,,,,,,,,,,,20260625,,2,20260625,,256,20260625
7752,7752,,F,7752,20251215,20260628,20260627,34330-V61_-J012-M1,HNTZZS0001W,256,PC,,,1000,HNTZZS0001W,S,O,N,,,,,,,,0,,,,,,,,,,,,,,20260628,,2,20260627,,256,20260628
7752,7752,,F,7752,20250620,20260701,20260701,34330-V61_-J312-M1,HNTZZS0004W,256,PC,,,1000,HNTZZS0004W,S,O,N,,,,,,,,0,,,,,,,,,,,,,,20260701,,2,20260701,,256,20260701
7752,7752,,F,7752,20250620,20260701,20260701,34330-V61_-J312-M1,HNTZZS0004W,192,PC,,,1000,HNTZZS0004W,S,O,N,,,,,,,,0,,,,,,,,,,,,,,20260701,,2,20260701,,192,20260701
7752,7752,,F,7752,20240426,20260701,20260701,5A760-K0H-J101(J),HNCHGS0004A,10,PC,,,1000,HNCHGS0004W,S,O,N,,,,,,,,0,,,,,,,,,,,,,,20260701,,2,20260701,,10,20260701
7752,7752,,F,7752,20251215,20260720,20260719,34330-V61_-J112-M1,HNTZZS0002W,576,PC,,,1000,HNTZZS0002W,S,O,N,,,,,,,,0,,,,,,,,,,,,,,20260720,,2,20260719,,576,20260720
7752,7752,,F,7752,20250620,20260720,20260719,34330-V61_-J212-M1,HNTZZS0003W,64,PC,,,1000,HNTZZS0003W,S,O,N,,,,,,,,0,,,,,,,,,,,,,,20260720,,2,20260719,,64,20260720
7752,7752,,F,7752,20250415,20260720,20260719,34330-V61_-J012-M1,HNTZZS0001W,384,PC,,,1000,HNTZZS0001W,S,O,N,,,,,,,,0,,,,,,,,,,,,,,20260720,,2,20260719,,384,20260720
7752,7752,,F,7752,20250620,20260725,20260725,34330-V61_-J312-M1,HNTZZS0004W,448,PC,,,1000,HNTZZS0004W,S,O,N,,,,,,,,0,,,,,,,,,,,,,,20260725,,2,20260725,,448,20260725
7752,7752,,F,7752,20251024,20260820,20260819,34330-V61_-J112-M1,HNTZZS0002W,256,PC,,,1000,HNTZZS0002W,S,O,N,,,,,,,,0,,,,,,,,,,,,,,20260820,,2,20260819,,256,20260820
7752,7752,,F,7752,20251024,20260820,20260819,34330-V61_-J012-M1,HNTZZS0001W,320,PC,,,1000,HNTZZS0001W,S,O,N,,,,,,,,0,,,,,,,,,,,,,,20260820,,2,20260819,,320,20260820
7752,7752,,F,7752,20250620,20260825,20260825,34330-V61_-J312-M1,HNTZZS0004W,320,PC,,,1000,HNTZZS0004W,S,O,N,,,,,,,,0,,,,,,,,,,,,,,20260825,,2,20260825,,320,20260825
7752,7752,,F,7752,20250620,20260827,20260827,34330-V61_-J312-M1,HNTZZS0004W,256,PC,,,1000,HNTZZS0004W,S,O,N,,,,,,,,0,,,,,,,,,,,,,,20260827,,2,20260827,,256,20260827
